File Name,Hash
C:/Users/jkang/Documents/mentorshipWork/Geojsons\Benin.geojson,86beb8cd4eee6c4e623459137fdd16d282fc37c7cbdd739dbf1dd30109062e4e
C:/Users/jkang/Documents/mentorshipWork/Geojsons\Burundi.geojson,8b8f5174cea5a32987528bbfc0febf73fea9411f9e1559f9e95fabd04682fb89
C:/Users/jkang/Documents/mentorshipWork/Geojsons\Cambodia.geojson,d7517c6913ea9327979c41133ed7fda572601af871684d1926850b31a3e04fd9
C:/Users/jkang/Documents/mentorshipWork/Geojsons\Cameroon.geojson,bd6a10e44031ea4ee4b957ca5c4f4e5692adea82965a85f1fc9168e6c6443150
C:/Users/jkang/Documents/mentorshipWork/Geojsons\Canada.geojson,a340745f2e359e7acf5353235f0917055b9b8b7ea9ab3f8f99d69078c6b2ceb9
C:/Users/jkang/Documents/mentorshipWork/Geojsons\Central African Republic.geojson,e009a398b572a1ca1c1f4fc75f5b5c48eeaa55707d305ed4059252de729142ab
C:/Users/jkang/Documents/mentorshipWork/Geojsons\Costa Rica.geojson,39340e0b3048c6f3e1b5b86c5a2f3503d00fa8d2b1d2f6787014b2764e76759f
C:/Users/jkang/Documents/mentorshipWork/Geojsons\Cuba.geojson,352bb7e785b58bc31d7984bb4e9a3f3abac91fec8aaca624dbd1dc561eec419a
C:/Users/jkang/Documents/mentorshipWork/Geojsons\Cyprus.geojson,51324ceea81b40b18a232e494a93a8295cb1df07bb78de45862c293ad283ce6c
C:/Users/jkang/Documents/mentorshipWork/Geojsons\Côte d'Ivoire.geojson,7d63e7dbab9bf935da33eb7233dc7cbf56d8b0a1611ac6db0bf939921d9b0bb2
C:/Users/jkang/Documents/mentorshipWork/Geojsons\Ecuador.geojson,69941ee8d89e68e99360b4b5d5c3cdae0662e0fd971dd39cbaed02e8ff8faf6a
C:/Users/jkang/Documents/mentorshipWork/Geojsons\Eswatini.geojson,6a83348f325316bf878986e298567e6e13f44d3ea4f86c03462cc2d33ad673ca
C:/Users/jkang/Documents/mentorshipWork/Geojsons\Ghana.geojson,219ff3595b6ff6b9d11d414dcc818ef284212c19ffffa3dbfee2e8b11322ae75
C:/Users/jkang/Documents/mentorshipWork/Geojsons\Guinea-Bissau.geojson,aa5bcf549d10140e372012484c355a4f794fa304a87f225c7d95d3ebafc4cd28
C:/Users/jkang/Documents/mentorshipWork/Geojsons\Haiti.geojson,85d24f56875857788fbc2f2a2b97703d99fa335c2f8000cdc7013f60bdddb1e4
C:/Users/jkang/Documents/mentorshipWork/Geojsons\Lesotho.geojson,6c3c240b7ca0da1a5d10a7a2665222f779b5c6047305a6279b2b7fa0ae39050d
C:/Users/jkang/Documents/mentorshipWork/Geojsons\Madagascar.geojson,13b5e2f75a1808110bdc66831774b4f4b3f32c32c1978883a81db4a58007a212
C:/Users/jkang/Documents/mentorshipWork/Geojsons\Mali.geojson,98e7a8b794014109b2c5508a1e45a0ee288253b74241e52073f25aba645ebf7c
C:/Users/jkang/Documents/mentorshipWork/Geojsons\Mexico.geojson,dc515aa6c89b7e75c35a97c1ab15f1e9051bc43383b4db4e14071fbde40d1177
C:/Users/jkang/Documents/mentorshipWork/Geojsons\Mongolia.geojson,1af28dacce525d89aef144552747d6e52e60aeef7caf7516216c6a1702c31d6d
C:/Users/jkang/Documents/mentorshipWork/Geojsons\Mozambique.geojson,3abb0938fe3046e4333f2777c31126e8e93d4bb525368ee19e234c7c53418c63
C:/Users/jkang/Documents/mentorshipWork/Geojsons\New Zealand.geojson,826ad168fdae468a721b530ebcff194b99c4cda5d03745deb6a57bfab08da301
C:/Users/jkang/Documents/mentorshipWork/Geojsons\Niger.geojson,b4526f08ef4cfd7b7b4ab5471cd5c9d0d6c4738b6e751cf32aaf41172f5d3146
C:/Users/jkang/Documents/mentorshipWork/Geojsons\Nigeria.geojson,bd6a10e44031ea4ee4b957ca5c4f4e5692adea82965a85f1fc9168e6c6443150
C:/Users/jkang/Documents/mentorshipWork/Geojsons\Philippines (the).geojson,b27ed7090f27d6d217ec1bf0fc55d84f0c452af467b796f9643731093ce26b37
C:/Users/jkang/Documents/mentorshipWork/Geojsons\Romania.geojson,f78c96fc58156dadd37a552076a853d822357fd65c611e17dc47eb29cbed9c78
C:/Users/jkang/Documents/mentorshipWork/Geojsons\Senegal.geojson,aeb24c67006fa9e9382e29ff107de164af64a505a25de9cd7fb49a5b0a4c2dda
C:/Users/jkang/Documents/mentorshipWork/Geojsons\South Africa.geojson,e7b904320e3612dd22106451c8e371ef0da4c5b7c1db74672b1e5fc4e798ccf5
C:/Users/jkang/Documents/mentorshipWork/Geojsons\Sri Lanka.geojson,fb5788b89eece792945d23efe68d93051012176f02486e07f2ec40efb75bfd67
C:/Users/jkang/Documents/mentorshipWork/Geojsons\Togo.geojson,c5c6d5aaa4fb903ed8cf484028fba86efc2f1fad21b83e0f10f8ecbfd4e6d621
C:/Users/jkang/Documents/mentorshipWork/Geojsons\Zambia.geojson,5f7467c3f561cc17065373b10b8732fa7e735f7984cfadf215df383f511e923a
C:/Users/jkang/Documents/mentorshipWork/Geojsons\Zimbabwe.geojson,5a2ef79e64e7da731d484fb01c08bae081bf87d2dec01cdf651ad2fcf5c97b52
